File_Name,Category
01-MFCC.csv,male
02-MFCC.csv,female
03-MFCC.csv,male
04-MFCC.csv,male
05-MFCC.csv,male
06-MFCC.csv,female
07-MFCC.csv,male
08-MFCC.csv,male
09-MFCC.csv,male
10-MFCC.csv,female
100-MFCC.csv,male
101-MFCC.csv,male
102-MFCC.csv,female
103-MFCC.csv,female
104-MFCC.csv,female
105-MFCC.csv,female
106-MFCC.csv,female
107-MFCC.csv,male
108-MFCC.csv,female
109-MFCC.csv,female
11-MFCC.csv,female
110-MFCC.csv,female
111-MFCC.csv,both
112-MFCC.csv,female
113-MFCC.csv,male
114-MFCC.csv,male
115-MFCC.csv,female
116-MFCC.csv,male
12-MFCC.csv,female
13-MFCC.csv,female
14-MFCC.csv,male
15-MFCC.csv,male
16-MFCC.csv,male
17-MFCC.csv,female
18-MFCC.csv,male
19-MFCC.csv,male
20-MFCC.csv,male
21-MFCC.csv,male
22-MFCC.csv,female
23-MFCC.csv,female
24-MFCC.csv,male
25-MFCC.csv,female
26-MFCC.csv,female
27-MFCC.csv,female
28-MFCC.csv,female
29-MFCC.csv,female
30-MFCC.csv,both
31-MFCC.csv,male
32-MFCC.csv,male
33-MFCC.csv,male
34-MFCC.csv,male
35-MFCC.csv,female
36-MFCC.csv,male
37-MFCC.csv,female
38-MFCC.csv,female
39-MFCC.csv,female
40-MFCC.csv,female
41-MFCC.csv,female
42-MFCC.csv,female
43-MFCC.csv,female
44-MFCC.csv,male
45-MFCC.csv,male
46-MFCC.csv,male
47-MFCC.csv,female
48-MFCC.csv,female
49-MFCC.csv,female
50-MFCC.csv,both
51-MFCC.csv,female
52-MFCC.csv,male
53-MFCC.csv,male
54-MFCC.csv,male
55-MFCC.csv,male
56-MFCC.csv,female
57-MFCC.csv,male
58-MFCC.csv,male
59-MFCC.csv,male
60-MFCC.csv,female
61-MFCC.csv,male
62-MFCC.csv,male
63-MFCC.csv,male
64-MFCC.csv,female
65-MFCC.csv,male
66-MFCC.csv,male
67-MFCC.csv,male
68-MFCC.csv,male
69-MFCC.csv,female
70-MFCC.csv,female
71-MFCC.csv,male
72-MFCC.csv,female
73-MFCC.csv,female
74-MFCC.csv,male
75-MFCC.csv,female
76-MFCC.csv,male
77-MFCC.csv,male
78-MFCC.csv,male
79-MFCC.csv,female
80-MFCC.csv,female
81-MFCC.csv,female
82-MFCC.csv,both
83-MFCC.csv,both
84-MFCC.csv,female
85-MFCC.csv,female
86-MFCC.csv,male
87-MFCC.csv,female
88-MFCC.csv,female
89-MFCC.csv,male
90-MFCC.csv,female
91-MFCC.csv,female
92-MFCC.csv,male
93-MFCC.csv,male
94-MFCC.csv,female
95-MFCC.csv,female
96-MFCC.csv,male
97-MFCC.csv,both
98-MFCC.csv,male
99-MFCC.csv,female
